relpath,filename,label,drug,concentration,setting,control,filtered,split
ONS76_C7_0.037uM/E07_T000_Z000_Cell0083.png,E07_T000_Z000_Cell0083.png,ONS76,C7,0.037,ONS76_C7_0.037uM,False,True,train
ONS76_C7_0.037uM/E07_T000_Z000_Cell0118.png,E07_T000_Z000_Cell0118.png,ONS76,C7,0.037,ONS76_C7_0.037uM,False,True,train
ONS76_C7_0.037uM/E07_T000_Z000_Cell0138.png,E07_T000_Z000_Cell0138.png,ONS76,C7,0.037,ONS76_C7_0.037uM,False,True,train
ONS76_C7_0.037uM/E07_T000_Z000_Cell0141.png,E07_T000_Z000_Cell0141.png,ONS76,C7,0.037,ONS76_C7_0.037uM,False,True,train
ONS76_C7_0.037uM/E07_T000_Z000_Cell0219.png,E07_T000_Z000_Cell0219.png,ONS76,C7,0.037,ONS76_C7_0.037uM,False,True,train
ONS76_C7_0.037uM/E07_T000_Z000_Cell0331.png,E07_T000_Z000_Cell0331.png,ONS76,C7,0.037,ONS76_C7_0.037uM,False,True,train
ONS76_C7_0.037uM/E07_T000_Z000_Cell0426.png,E07_T000_Z000_Cell0426.png,ONS76,C7,0.037,ONS76_C7_0.037uM,False,True,val
ONS76_C7_0.037uM/E07_T000_Z000_Cell0617.png,E07_T000_Z000_Cell0617.png,ONS76,C7,0.037,ONS76_C7_0.037uM,False,True,train
ONS76_C7_0.037uM/E07_T000_Z000_Cell0619.png,E07_T000_Z000_Cell0619.png,ONS76,C7,0.037,ONS76_C7_0.037uM,False,True,test
ONS76_C7_0.037uM/E07_T000_Z000_Cell0621.png,E07_T000_Z000_Cell0621.png,ONS76,C7,0.037,ONS76_C7_0.037uM,False,True,train
ONS76_C7_0.037uM/E07_T000_Z000_Cell0663.png,E07_T000_Z000_Cell0663.png,ONS76,C7,0.037,ONS76_C7_0.037uM,False,True,train
ONS76_C7_0.037uM/E07_T000_Z000_Cell0752.png,E07_T000_Z000_Cell0752.png,ONS76,C7,0.037,ONS76_C7_0.037uM,False,True,train
ONS76_C7_0.037uM/E07_T000_Z000_Cell0976.png,E07_T000_Z000_Cell0976.png,ONS76,C7,0.037,ONS76_C7_0.037uM,False,True,train
ONS76_C7_0.037uM/E08_T000_Z000_Cell0127.png,E08_T000_Z000_Cell0127.png,ONS76,C7,0.037,ONS76_C7_0.037uM,False,True,train
ONS76_C7_0.037uM/E08_T000_Z000_Cell0206.png,E08_T000_Z000_Cell0206.png,ONS76,C7,0.037,ONS76_C7_0.037uM,False,True,train
ONS76_C7_0.037uM/E08_T000_Z000_Cell0226.png,E08_T000_Z000_Cell0226.png,ONS76,C7,0.037,ONS76_C7_0.037uM,False,True,test
ONS76_C7_0.037uM/E08_T000_Z000_Cell0343.png,E08_T000_Z000_Cell0343.png,ONS76,C7,0.037,ONS76_C7_0.037uM,False,True,train
ONS76_C7_0.037uM/E08_T000_Z000_Cell0482.png,E08_T000_Z000_Cell0482.png,ONS76,C7,0.037,ONS76_C7_0.037uM,False,True,train
ONS76_C7_0.037uM/E08_T000_Z000_Cell0494.png,E08_T000_Z000_Cell0494.png,ONS76,C7,0.037,ONS76_C7_0.037uM,False,True,test
ONS76_C7_0.037uM/E08_T000_Z000_Cell0513.png,E08_T000_Z000_Cell0513.png,ONS76,C7,0.037,ONS76_C7_0.037uM,False,True,test
ONS76_C7_0.037uM/E08_T000_Z000_Cell0578.png,E08_T000_Z000_Cell0578.png,ONS76,C7,0.037,ONS76_C7_0.037uM,False,True,val
ONS76_C7_0.037uM/E08_T000_Z000_Cell0713.png,E08_T000_Z000_Cell0713.png,ONS76,C7,0.037,ONS76_C7_0.037uM,False,True,val
ONS76_C7_0.037uM/E08_T000_Z000_Cell0728.png,E08_T000_Z000_Cell0728.png,ONS76,C7,0.037,ONS76_C7_0.037uM,False,True,train
ONS76_C7_0.037uM/E08_T000_Z000_Cell0761.png,E08_T000_Z000_Cell0761.png,ONS76,C7,0.037,ONS76_C7_0.037uM,False,True,val
ONS76_C7_0.037uM/E08_T000_Z000_Cell0786.png,E08_T000_Z000_Cell0786.png,ONS76,C7,0.037,ONS76_C7_0.037uM,False,True,train
ONS76_C7_0.11uM/D07_T000_Z000_Cell0001.png,D07_T000_Z000_Cell0001.png,ONS76,C7,0.11,ONS76_C7_0.11uM,False,True,train
ONS76_C7_0.11uM/D07_T000_Z000_Cell0080.png,D07_T000_Z000_Cell0080.png,ONS76,C7,0.11,ONS76_C7_0.11uM,False,True,test
ONS76_C7_0.11uM/D07_T000_Z000_Cell0157.png,D07_T000_Z000_Cell0157.png,ONS76,C7,0.11,ONS76_C7_0.11uM,False,True,val
ONS76_C7_0.11uM/D07_T000_Z000_Cell0158.png,D07_T000_Z000_Cell0158.png,ONS76,C7,0.11,ONS76_C7_0.11uM,False,True,train
ONS76_C7_0.11uM/D07_T000_Z000_Cell0240.png,D07_T000_Z000_Cell0240.png,ONS76,C7,0.11,ONS76_C7_0.11uM,False,True,train
ONS76_C7_0.11uM/D07_T000_Z000_Cell0487.png,D07_T000_Z000_Cell0487.png,ONS76,C7,0.11,ONS76_C7_0.11uM,False,True,train
ONS76_C7_0.11uM/D07_T000_Z000_Cell0551.png,D07_T000_Z000_Cell0551.png,ONS76,C7,0.11,ONS76_C7_0.11uM,False,True,train
ONS76_C7_0.11uM/D07_T000_Z000_Cell0613.png,D07_T000_Z000_Cell0613.png,ONS76,C7,0.11,ONS76_C7_0.11uM,False,True,train
ONS76_C7_0.11uM/D07_T000_Z000_Cell0698.png,D07_T000_Z000_Cell0698.png,ONS76,C7,0.11,ONS76_C7_0.11uM,False,True,train
ONS76_C7_0.11uM/D07_T000_Z000_Cell0732.png,D07_T000_Z000_Cell0732.png,ONS76,C7,0.11,ONS76_C7_0.11uM,False,True,val
ONS76_C7_0.11uM/D07_T000_Z000_Cell0737.png,D07_T000_Z000_Cell0737.png,ONS76,C7,0.11,ONS76_C7_0.11uM,False,True,train
ONS76_C7_0.11uM/D07_T000_Z000_Cell0794.png,D07_T000_Z000_Cell0794.png,ONS76,C7,0.11,ONS76_C7_0.11uM,False,True,val
ONS76_C7_0.11uM/D07_T000_Z000_Cell0798.png,D07_T000_Z000_Cell0798.png,ONS76,C7,0.11,ONS76_C7_0.11uM,False,True,train
ONS76_C7_0.11uM/D07_T000_Z000_Cell0888.png,D07_T000_Z000_Cell0888.png,ONS76,C7,0.11,ONS76_C7_0.11uM,False,True,train
ONS76_C7_0.11uM/D08_T000_Z000_Cell0069.png,D08_T000_Z000_Cell0069.png,ONS76,C7,0.11,ONS76_C7_0.11uM,False,True,test
ONS76_C7_0.11uM/D08_T000_Z000_Cell0182.png,D08_T000_Z000_Cell0182.png,ONS76,C7,0.11,ONS76_C7_0.11uM,False,True,train
ONS76_C7_0.11uM/D08_T000_Z000_Cell0340.png,D08_T000_Z000_Cell0340.png,ONS76,C7,0.11,ONS76_C7_0.11uM,False,True,train
ONS76_C7_0.11uM/D08_T000_Z000_Cell0383.png,D08_T000_Z000_Cell0383.png,ONS76,C7,0.11,ONS76_C7_0.11uM,False,True,train
ONS76_C7_0.11uM/D08_T000_Z000_Cell0393.png,D08_T000_Z000_Cell0393.png,ONS76,C7,0.11,ONS76_C7_0.11uM,False,True,train
ONS76_C7_0.11uM/D08_T000_Z000_Cell0403.png,D08_T000_Z000_Cell0403.png,ONS76,C7,0.11,ONS76_C7_0.11uM,False,True,train
ONS76_C7_0.11uM/D08_T000_Z000_Cell0486.png,D08_T000_Z000_Cell0486.png,ONS76,C7,0.11,ONS76_C7_0.11uM,False,True,test
ONS76_C7_0.11uM/D08_T000_Z000_Cell0540.png,D08_T000_Z000_Cell0540.png,ONS76,C7,0.11,ONS76_C7_0.11uM,False,True,train
ONS76_C7_0.11uM/D08_T000_Z000_Cell0604.png,D08_T000_Z000_Cell0604.png,ONS76,C7,0.11,ONS76_C7_0.11uM,False,True,train
ONS76_C7_0.11uM/D08_T000_Z000_Cell0618.png,D08_T000_Z000_Cell0618.png,ONS76,C7,0.11,ONS76_C7_0.11uM,False,True,val
ONS76_C7_0.11uM/D08_T000_Z000_Cell0648.png,D08_T000_Z000_Cell0648.png,ONS76,C7,0.11,ONS76_C7_0.11uM,False,True,test
ONS76_C7_0.33uM/C07_T000_Z000_Cell0063.png,C07_T000_Z000_Cell0063.png,ONS76,C7,0.33,ONS76_C7_0.33uM,False,True,test
ONS76_C7_0.33uM/C07_T000_Z000_Cell0075.png,C07_T000_Z000_Cell0075.png,ONS76,C7,0.33,ONS76_C7_0.33uM,False,True,train
ONS76_C7_0.33uM/C07_T000_Z000_Cell0091.png,C07_T000_Z000_Cell0091.png,ONS76,C7,0.33,ONS76_C7_0.33uM,False,True,train
ONS76_C7_0.33uM/C07_T000_Z000_Cell0298.png,C07_T000_Z000_Cell0298.png,ONS76,C7,0.33,ONS76_C7_0.33uM,False,True,train
ONS76_C7_0.33uM/C07_T000_Z000_Cell0340.png,C07_T000_Z000_Cell0340.png,ONS76,C7,0.33,ONS76_C7_0.33uM,False,True,train
ONS76_C7_0.33uM/C07_T000_Z000_Cell0377.png,C07_T000_Z000_Cell0377.png,ONS76,C7,0.33,ONS76_C7_0.33uM,False,True,train
ONS76_C7_0.33uM/C07_T000_Z000_Cell0389.png,C07_T000_Z000_Cell0389.png,ONS76,C7,0.33,ONS76_C7_0.33uM,False,True,train
ONS76_C7_0.33uM/C07_T000_Z000_Cell0426.png,C07_T000_Z000_Cell0426.png,ONS76,C7,0.33,ONS76_C7_0.33uM,False,True,train
ONS76_C7_0.33uM/C07_T000_Z000_Cell0593.png,C07_T000_Z000_Cell0593.png,ONS76,C7,0.33,ONS76_C7_0.33uM,False,True,val
ONS76_C7_0.33uM/C07_T000_Z000_Cell0719.png,C07_T000_Z000_Cell0719.png,ONS76,C7,0.33,ONS76_C7_0.33uM,False,True,train
ONS76_C7_0.33uM/C08_T000_Z000_Cell0145.png,C08_T000_Z000_Cell0145.png,ONS76,C7,0.33,ONS76_C7_0.33uM,False,True,test
ONS76_C7_0.33uM/C08_T000_Z000_Cell0148.png,C08_T000_Z000_Cell0148.png,ONS76,C7,0.33,ONS76_C7_0.33uM,False,True,train
ONS76_C7_0.33uM/C08_T000_Z000_Cell0307.png,C08_T000_Z000_Cell0307.png,ONS76,C7,0.33,ONS76_C7_0.33uM,False,True,train
ONS76_C7_0.33uM/C08_T000_Z000_Cell0367.png,C08_T000_Z000_Cell0367.png,ONS76,C7,0.33,ONS76_C7_0.33uM,False,True,train
ONS76_C7_0.33uM/C08_T000_Z000_Cell0418.png,C08_T000_Z000_Cell0418.png,ONS76,C7,0.33,ONS76_C7_0.33uM,False,True,train
ONS76_C7_0.33uM/C08_T000_Z000_Cell0457.png,C08_T000_Z000_Cell0457.png,ONS76,C7,0.33,ONS76_C7_0.33uM,False,True,train
ONS76_C7_0.33uM/C08_T000_Z000_Cell0479.png,C08_T000_Z000_Cell0479.png,ONS76,C7,0.33,ONS76_C7_0.33uM,False,True,val
ONS76_C7_0.33uM/C08_T000_Z000_Cell0506.png,C08_T000_Z000_Cell0506.png,ONS76,C7,0.33,ONS76_C7_0.33uM,False,True,test
ONS76_C7_0.33uM/C08_T000_Z000_Cell0531.png,C08_T000_Z000_Cell0531.png,ONS76,C7,0.33,ONS76_C7_0.33uM,False,True,train
ONS76_C7_0.33uM/C08_T000_Z000_Cell0536.png,C08_T000_Z000_Cell0536.png,ONS76,C7,0.33,ONS76_C7_0.33uM,False,True,test
ONS76_C7_0.33uM/C08_T000_Z000_Cell0544.png,C08_T000_Z000_Cell0544.png,ONS76,C7,0.33,ONS76_C7_0.33uM,False,True,val
ONS76_C7_0.33uM/C08_T000_Z000_Cell0552.png,C08_T000_Z000_Cell0552.png,ONS76,C7,0.33,ONS76_C7_0.33uM,False,True,val
ONS76_C7_0.33uM/C08_T000_Z000_Cell0558.png,C08_T000_Z000_Cell0558.png,ONS76,C7,0.33,ONS76_C7_0.33uM,False,True,train
ONS76_C7_0.33uM/C08_T000_Z000_Cell0734.png,C08_T000_Z000_Cell0734.png,ONS76,C7,0.33,ONS76_C7_0.33uM,False,True,train
ONS76_C7_0.33uM/C08_T000_Z000_Cell0804.png,C08_T000_Z000_Cell0804.png,ONS76,C7,0.33,ONS76_C7_0.33uM,False,True,train
ONS76_C7_1uM/B07_T000_Z000_Cell0099.png,B07_T000_Z000_Cell0099.png,ONS76,C7,1.0,ONS76_C7_1uM,False,True,train
ONS76_C7_1uM/B07_T000_Z000_Cell0114.png,B07_T000_Z000_Cell0114.png,ONS76,C7,1.0,ONS76_C7_1uM,False,True,train
ONS76_C7_1uM/B07_T000_Z000_Cell0136.png,B07_T000_Z000_Cell0136.png,ONS76,C7,1.0,ONS76_C7_1uM,False,True,val
ONS76_C7_1uM/B07_T000_Z000_Cell0172.png,B07_T000_Z000_Cell0172.png,ONS76,C7,1.0,ONS76_C7_1uM,False,True,test
ONS76_C7_1uM/B07_T000_Z000_Cell0400.png,B07_T000_Z000_Cell0400.png,ONS76,C7,1.0,ONS76_C7_1uM,False,True,val
ONS76_C7_1uM/B07_T000_Z000_Cell0456.png,B07_T000_Z000_Cell0456.png,ONS76,C7,1.0,ONS76_C7_1uM,False,True,test
ONS76_C7_1uM/B07_T000_Z000_Cell0482.png,B07_T000_Z000_Cell0482.png,ONS76,C7,1.0,ONS76_C7_1uM,False,True,train
ONS76_C7_1uM/B07_T000_Z000_Cell0559.png,B07_T000_Z000_Cell0559.png,ONS76,C7,1.0,ONS76_C7_1uM,False,True,train
ONS76_C7_1uM/B07_T000_Z000_Cell0591.png,B07_T000_Z000_Cell0591.png,ONS76,C7,1.0,ONS76_C7_1uM,False,True,train
ONS76_C7_1uM/B07_T000_Z000_Cell0723.png,B07_T000_Z000_Cell0723.png,ONS76,C7,1.0,ONS76_C7_1uM,False,True,val
ONS76_C7_1uM/B07_T000_Z000_Cell0786.png,B07_T000_Z000_Cell0786.png,ONS76,C7,1.0,ONS76_C7_1uM,False,True,train
ONS76_C7_1uM/B07_T000_Z000_Cell0824.png,B07_T000_Z000_Cell0824.png,ONS76,C7,1.0,ONS76_C7_1uM,False,True,train
ONS76_C7_1uM/B07_T000_Z000_Cell0884.png,B07_T000_Z000_Cell0884.png,ONS76,C7,1.0,ONS76_C7_1uM,False,True,test
ONS76_C7_1uM/B07_T000_Z000_Cell0967.png,B07_T000_Z000_Cell0967.png,ONS76,C7,1.0,ONS76_C7_1uM,False,True,train
ONS76_C7_1uM/B07_T000_Z000_Cell1053.png,B07_T000_Z000_Cell1053.png,ONS76,C7,1.0,ONS76_C7_1uM,False,True,train
ONS76_C7_1uM/B08_T000_Z000_Cell0073.png,B08_T000_Z000_Cell0073.png,ONS76,C7,1.0,ONS76_C7_1uM,False,True,test
ONS76_C7_1uM/B08_T000_Z000_Cell0174.png,B08_T000_Z000_Cell0174.png,ONS76,C7,1.0,ONS76_C7_1uM,False,True,train
ONS76_C7_1uM/B08_T000_Z000_Cell0315.png,B08_T000_Z000_Cell0315.png,ONS76,C7,1.0,ONS76_C7_1uM,False,True,train
ONS76_C7_1uM/B08_T000_Z000_Cell0438.png,B08_T000_Z000_Cell0438.png,ONS76,C7,1.0,ONS76_C7_1uM,False,True,train
ONS76_C7_1uM/B08_T000_Z000_Cell0480.png,B08_T000_Z000_Cell0480.png,ONS76,C7,1.0,ONS76_C7_1uM,False,True,val
ONS76_C7_1uM/B08_T000_Z000_Cell0492.png,B08_T000_Z000_Cell0492.png,ONS76,C7,1.0,ONS76_C7_1uM,False,True,train
ONS76_C7_1uM/B08_T000_Z000_Cell0506.png,B08_T000_Z000_Cell0506.png,ONS76,C7,1.0,ONS76_C7_1uM,False,True,train
ONS76_C7_1uM/B08_T000_Z000_Cell0585.png,B08_T000_Z000_Cell0585.png,ONS76,C7,1.0,ONS76_C7_1uM,False,True,train
ONS76_C7_1uM/B08_T000_Z000_Cell0709.png,B08_T000_Z000_Cell0709.png,ONS76,C7,1.0,ONS76_C7_1uM,False,True,train
ONS76_C7_1uM/B08_T000_Z000_Cell0819.png,B08_T000_Z000_Cell0819.png,ONS76,C7,1.0,ONS76_C7_1uM,False,True,train
ONS76_C7_3uM/A07_T000_Z000_Cell0000.png,A07_T000_Z000_Cell0000.png,ONS76,C7,3.0,ONS76_C7_3uM,False,True,val
ONS76_C7_3uM/A07_T000_Z000_Cell0063.png,A07_T000_Z000_Cell0063.png,ONS76,C7,3.0,ONS76_C7_3uM,False,True,train
ONS76_C7_3uM/A07_T000_Z000_Cell0245.png,A07_T000_Z000_Cell0245.png,ONS76,C7,3.0,ONS76_C7_3uM,False,True,test
ONS76_C7_3uM/A07_T000_Z000_Cell0303.png,A07_T000_Z000_Cell0303.png,ONS76,C7,3.0,ONS76_C7_3uM,False,True,train
ONS76_C7_3uM/A07_T000_Z000_Cell0327.png,A07_T000_Z000_Cell0327.png,ONS76,C7,3.0,ONS76_C7_3uM,False,True,train
ONS76_C7_3uM/A07_T000_Z000_Cell0359.png,A07_T000_Z000_Cell0359.png,ONS76,C7,3.0,ONS76_C7_3uM,False,True,val
ONS76_C7_3uM/A07_T000_Z000_Cell0408.png,A07_T000_Z000_Cell0408.png,ONS76,C7,3.0,ONS76_C7_3uM,False,True,train
ONS76_C7_3uM/A07_T000_Z000_Cell0421.png,A07_T000_Z000_Cell0421.png,ONS76,C7,3.0,ONS76_C7_3uM,False,True,train
ONS76_C7_3uM/A07_T000_Z000_Cell0425.png,A07_T000_Z000_Cell0425.png,ONS76,C7,3.0,ONS76_C7_3uM,False,True,test
ONS76_C7_3uM/A07_T000_Z000_Cell0441.png,A07_T000_Z000_Cell0441.png,ONS76,C7,3.0,ONS76_C7_3uM,False,True,val
ONS76_C7_3uM/A07_T000_Z000_Cell0446.png,A07_T000_Z000_Cell0446.png,ONS76,C7,3.0,ONS76_C7_3uM,False,True,train
ONS76_C7_3uM/A07_T000_Z000_Cell0647.png,A07_T000_Z000_Cell0647.png,ONS76,C7,3.0,ONS76_C7_3uM,False,True,train
ONS76_C7_3uM/A07_T000_Z000_Cell0654.png,A07_T000_Z000_Cell0654.png,ONS76,C7,3.0,ONS76_C7_3uM,False,True,train
ONS76_C7_3uM/A07_T000_Z000_Cell0679.png,A07_T000_Z000_Cell0679.png,ONS76,C7,3.0,ONS76_C7_3uM,False,True,train
ONS76_C7_3uM/A07_T000_Z000_Cell0711.png,A07_T000_Z000_Cell0711.png,ONS76,C7,3.0,ONS76_C7_3uM,False,True,train
ONS76_C7_3uM/A07_T000_Z000_Cell0900.png,A07_T000_Z000_Cell0900.png,ONS76,C7,3.0,ONS76_C7_3uM,False,True,test
ONS76_C7_3uM/A07_T000_Z000_Cell0901.png,A07_T000_Z000_Cell0901.png,ONS76,C7,3.0,ONS76_C7_3uM,False,True,train
ONS76_C7_3uM/A07_T000_Z000_Cell1009.png,A07_T000_Z000_Cell1009.png,ONS76,C7,3.0,ONS76_C7_3uM,False,True,train
ONS76_C7_3uM/A08_T000_Z000_Cell0257.png,A08_T000_Z000_Cell0257.png,ONS76,C7,3.0,ONS76_C7_3uM,False,True,train
ONS76_C7_3uM/A08_T000_Z000_Cell0512.png,A08_T000_Z000_Cell0512.png,ONS76,C7,3.0,ONS76_C7_3uM,False,True,train
ONS76_C7_3uM/A08_T000_Z000_Cell0676.png,A08_T000_Z000_Cell0676.png,ONS76,C7,3.0,ONS76_C7_3uM,False,True,train
ONS76_C7_3uM/A08_T000_Z000_Cell0684.png,A08_T000_Z000_Cell0684.png,ONS76,C7,3.0,ONS76_C7_3uM,False,True,train
ONS76_C7_3uM/A08_T000_Z000_Cell0688.png,A08_T000_Z000_Cell0688.png,ONS76,C7,3.0,ONS76_C7_3uM,False,True,val
ONS76_C7_3uM/A08_T000_Z000_Cell0717.png,A08_T000_Z000_Cell0717.png,ONS76,C7,3.0,ONS76_C7_3uM,False,True,train
ONS76_C7_3uM/A08_T000_Z000_Cell0794.png,A08_T000_Z000_Cell0794.png,ONS76,C7,3.0,ONS76_C7_3uM,False,True,test
ONS76_CK-666_0.625uM/E01_T000_Z000_Cell0435.png,E01_T000_Z000_Cell0435.png,ONS76,CK-666,0.625,ONS76_CK-666_0.625uM,False,True,train
ONS76_CK-666_0.625uM/E01_T000_Z000_Cell0564.png,E01_T000_Z000_Cell0564.png,ONS76,CK-666,0.625,ONS76_CK-666_0.625uM,False,True,train
ONS76_CK-666_0.625uM/E01_T000_Z000_Cell0583.png,E01_T000_Z000_Cell0583.png,ONS76,CK-666,0.625,ONS76_CK-666_0.625uM,False,True,train
ONS76_CK-666_0.625uM/E01_T000_Z000_Cell0597.png,E01_T000_Z000_Cell0597.png,ONS76,CK-666,0.625,ONS76_CK-666_0.625uM,False,True,train
ONS76_CK-666_0.625uM/E01_T000_Z000_Cell0634.png,E01_T000_Z000_Cell0634.png,ONS76,CK-666,0.625,ONS76_CK-666_0.625uM,False,True,train
ONS76_CK-666_0.625uM/E01_T000_Z000_Cell0671.png,E01_T000_Z000_Cell0671.png,ONS76,CK-666,0.625,ONS76_CK-666_0.625uM,False,True,val
ONS76_CK-666_0.625uM/E01_T000_Z000_Cell0735.png,E01_T000_Z000_Cell0735.png,ONS76,CK-666,0.625,ONS76_CK-666_0.625uM,False,True,val
ONS76_CK-666_0.625uM/E02_T000_Z000_Cell0038.png,E02_T000_Z000_Cell0038.png,ONS76,CK-666,0.625,ONS76_CK-666_0.625uM,False,True,train
ONS76_CK-666_0.625uM/E02_T000_Z000_Cell0053.png,E02_T000_Z000_Cell0053.png,ONS76,CK-666,0.625,ONS76_CK-666_0.625uM,False,True,train
ONS76_CK-666_0.625uM/E02_T000_Z000_Cell0069.png,E02_T000_Z000_Cell0069.png,ONS76,CK-666,0.625,ONS76_CK-666_0.625uM,False,True,test
ONS76_CK-666_0.625uM/E02_T000_Z000_Cell0090.png,E02_T000_Z000_Cell0090.png,ONS76,CK-666,0.625,ONS76_CK-666_0.625uM,False,True,val
ONS76_CK-666_0.625uM/E02_T000_Z000_Cell0189.png,E02_T000_Z000_Cell0189.png,ONS76,CK-666,0.625,ONS76_CK-666_0.625uM,False,True,train
ONS76_CK-666_0.625uM/E02_T000_Z000_Cell0384.png,E02_T000_Z000_Cell0384.png,ONS76,CK-666,0.625,ONS76_CK-666_0.625uM,False,True,train
ONS76_CK-666_0.625uM/E02_T000_Z000_Cell0466.png,E02_T000_Z000_Cell0466.png,ONS76,CK-666,0.625,ONS76_CK-666_0.625uM,False,True,test
ONS76_CK-666_0.625uM/E02_T000_Z000_Cell0542.png,E02_T000_Z000_Cell0542.png,ONS76,CK-666,0.625,ONS76_CK-666_0.625uM,False,True,train
ONS76_CK-666_0.625uM/E02_T000_Z000_Cell0568.png,E02_T000_Z000_Cell0568.png,ONS76,CK-666,0.625,ONS76_CK-666_0.625uM,False,True,train
ONS76_CK-666_0.625uM/E02_T000_Z000_Cell0686.png,E02_T000_Z000_Cell0686.png,ONS76,CK-666,0.625,ONS76_CK-666_0.625uM,False,True,train
ONS76_CK-666_0.625uM/E02_T000_Z000_Cell0760.png,E02_T000_Z000_Cell0760.png,ONS76,CK-666,0.625,ONS76_CK-666_0.625uM,False,True,train
ONS76_CK-666_0.625uM/E02_T000_Z000_Cell0855.png,E02_T000_Z000_Cell0855.png,ONS76,CK-666,0.625,ONS76_CK-666_0.625uM,False,True,train
ONS76_CK-666_0.625uM/E02_T000_Z000_Cell0925.png,E02_T000_Z000_Cell0925.png,ONS76,CK-666,0.625,ONS76_CK-666_0.625uM,False,True,train
ONS76_CK-666_0.625uM/E02_T000_Z000_Cell0951.png,E02_T000_Z000_Cell0951.png,ONS76,CK-666,0.625,ONS76_CK-666_0.625uM,False,True,test
ONS76_CK-666_0.625uM/E02_T000_Z000_Cell1017.png,E02_T000_Z000_Cell1017.png,ONS76,CK-666,0.625,ONS76_CK-666_0.625uM,False,True,val
ONS76_CK-666_0.625uM/E02_T000_Z000_Cell1064.png,E02_T000_Z000_Cell1064.png,ONS76,CK-666,0.625,ONS76_CK-666_0.625uM,False,True,test
ONS76_CK-666_0.625uM/E02_T000_Z000_Cell1101.png,E02_T000_Z000_Cell1101.png,ONS76,CK-666,0.625,ONS76_CK-666_0.625uM,False,True,train
ONS76_CK-666_0.625uM/E02_T000_Z000_Cell1103.png,E02_T000_Z000_Cell1103.png,ONS76,CK-666,0.625,ONS76_CK-666_0.625uM,False,True,train
ONS76_CK-666_1.25uM/D01_T000_Z000_Cell0149.png,D01_T000_Z000_Cell0149.png,ONS76,CK-666,1.25,ONS76_CK-666_1.25uM,False,True,train
ONS76_CK-666_1.25uM/D01_T000_Z000_Cell0242.png,D01_T000_Z000_Cell0242.png,ONS76,CK-666,1.25,ONS76_CK-666_1.25uM,False,True,train
ONS76_CK-666_1.25uM/D01_T000_Z000_Cell0328.png,D01_T000_Z000_Cell0328.png,ONS76,CK-666,1.25,ONS76_CK-666_1.25uM,False,True,val
ONS76_CK-666_1.25uM/D01_T000_Z000_Cell0378.png,D01_T000_Z000_Cell0378.png,ONS76,CK-666,1.25,ONS76_CK-666_1.25uM,False,True,train
ONS76_CK-666_1.25uM/D01_T000_Z000_Cell0393.png,D01_T000_Z000_Cell0393.png,ONS76,CK-666,1.25,ONS76_CK-666_1.25uM,False,True,train
ONS76_CK-666_1.25uM/D01_T000_Z000_Cell0429.png,D01_T000_Z000_Cell0429.png,ONS76,CK-666,1.25,ONS76_CK-666_1.25uM,False,True,val
ONS76_CK-666_1.25uM/D01_T000_Z000_Cell0502.png,D01_T000_Z000_Cell0502.png,ONS76,CK-666,1.25,ONS76_CK-666_1.25uM,False,True,test
ONS76_CK-666_1.25uM/D01_T000_Z000_Cell0560.png,D01_T000_Z000_Cell0560.png,ONS76,CK-666,1.25,ONS76_CK-666_1.25uM,False,True,val
ONS76_CK-666_1.25uM/D01_T000_Z000_Cell0599.png,D01_T000_Z000_Cell0599.png,ONS76,CK-666,1.25,ONS76_CK-666_1.25uM,False,True,train
ONS76_CK-666_1.25uM/D01_T000_Z000_Cell0607.png,D01_T000_Z000_Cell0607.png,ONS76,CK-666,1.25,ONS76_CK-666_1.25uM,False,True,test
ONS76_CK-666_1.25uM/D01_T000_Z000_Cell0657.png,D01_T000_Z000_Cell0657.png,ONS76,CK-666,1.25,ONS76_CK-666_1.25uM,False,True,train
ONS76_CK-666_1.25uM/D01_T000_Z000_Cell0661.png,D01_T000_Z000_Cell0661.png,ONS76,CK-666,1.25,ONS76_CK-666_1.25uM,False,True,val
ONS76_CK-666_1.25uM/D01_T000_Z000_Cell0729.png,D01_T000_Z000_Cell0729.png,ONS76,CK-666,1.25,ONS76_CK-666_1.25uM,False,True,train
ONS76_CK-666_1.25uM/D01_T000_Z000_Cell0732.png,D01_T000_Z000_Cell0732.png,ONS76,CK-666,1.25,ONS76_CK-666_1.25uM,False,True,train
ONS76_CK-666_1.25uM/D01_T000_Z000_Cell0760.png,D01_T000_Z000_Cell0760.png,ONS76,CK-666,1.25,ONS76_CK-666_1.25uM,False,True,train
ONS76_CK-666_1.25uM/D01_T000_Z000_Cell0843.png,D01_T000_Z000_Cell0843.png,ONS76,CK-666,1.25,ONS76_CK-666_1.25uM,False,True,train
ONS76_CK-666_1.25uM/D01_T000_Z000_Cell1099.png,D01_T000_Z000_Cell1099.png,ONS76,CK-666,1.25,ONS76_CK-666_1.25uM,False,True,test
ONS76_CK-666_1.25uM/D02_T000_Z000_Cell0090.png,D02_T000_Z000_Cell0090.png,ONS76,CK-666,1.25,ONS76_CK-666_1.25uM,False,True,train
ONS76_CK-666_1.25uM/D02_T000_Z000_Cell0179.png,D02_T000_Z000_Cell0179.png,ONS76,CK-666,1.25,ONS76_CK-666_1.25uM,False,True,train
ONS76_CK-666_1.25uM/D02_T000_Z000_Cell0196.png,D02_T000_Z000_Cell0196.png,ONS76,CK-666,1.25,ONS76_CK-666_1.25uM,False,True,train
ONS76_CK-666_1.25uM/D02_T000_Z000_Cell0684.png,D02_T000_Z000_Cell0684.png,ONS76,CK-666,1.25,ONS76_CK-666_1.25uM,False,True,train
ONS76_CK-666_1.25uM/D02_T000_Z000_Cell0749.png,D02_T000_Z000_Cell0749.png,ONS76,CK-666,1.25,ONS76_CK-666_1.25uM,False,True,train
ONS76_CK-666_1.25uM/D02_T000_Z000_Cell0764.png,D02_T000_Z000_Cell0764.png,ONS76,CK-666,1.25,ONS76_CK-666_1.25uM,False,True,train
ONS76_CK-666_1.25uM/D02_T000_Z000_Cell0818.png,D02_T000_Z000_Cell0818.png,ONS76,CK-666,1.25,ONS76_CK-666_1.25uM,False,True,train
ONS76_CK-666_1.25uM/D02_T000_Z000_Cell1077.png,D02_T000_Z000_Cell1077.png,ONS76,CK-666,1.25,ONS76_CK-666_1.25uM,False,True,test
ONS76_CK-666_10uM/A01_T000_Z000_Cell0163.png,A01_T000_Z000_Cell0163.png,ONS76,CK-666,10.0,ONS76_CK-666_10uM,False,True,val
ONS76_CK-666_10uM/A01_T000_Z000_Cell0189.png,A01_T000_Z000_Cell0189.png,ONS76,CK-666,10.0,ONS76_CK-666_10uM,False,True,test
ONS76_CK-666_10uM/A01_T000_Z000_Cell0213.png,A01_T000_Z000_Cell0213.png,ONS76,CK-666,10.0,ONS76_CK-666_10uM,False,True,train
ONS76_CK-666_10uM/A01_T000_Z000_Cell0240.png,A01_T000_Z000_Cell0240.png,ONS76,CK-666,10.0,ONS76_CK-666_10uM,False,True,train
ONS76_CK-666_10uM/A01_T000_Z000_Cell0268.png,A01_T000_Z000_Cell0268.png,ONS76,CK-666,10.0,ONS76_CK-666_10uM,False,True,val
ONS76_CK-666_10uM/A01_T000_Z000_Cell0441.png,A01_T000_Z000_Cell0441.png,ONS76,CK-666,10.0,ONS76_CK-666_10uM,False,True,train
ONS76_CK-666_10uM/A01_T000_Z000_Cell0445.png,A01_T000_Z000_Cell0445.png,ONS76,CK-666,10.0,ONS76_CK-666_10uM,False,True,val
ONS76_CK-666_10uM/A01_T000_Z000_Cell0681.png,A01_T000_Z000_Cell0681.png,ONS76,CK-666,10.0,ONS76_CK-666_10uM,False,True,test
ONS76_CK-666_10uM/A01_T000_Z000_Cell0683.png,A01_T000_Z000_Cell0683.png,ONS76,CK-666,10.0,ONS76_CK-666_10uM,False,True,train
ONS76_CK-666_10uM/A01_T000_Z000_Cell0758.png,A01_T000_Z000_Cell0758.png,ONS76,CK-666,10.0,ONS76_CK-666_10uM,False,True,train
ONS76_CK-666_10uM/A01_T000_Z000_Cell0853.png,A01_T000_Z000_Cell0853.png,ONS76,CK-666,10.0,ONS76_CK-666_10uM,False,True,train
ONS76_CK-666_10uM/A01_T000_Z000_Cell0985.png,A01_T000_Z000_Cell0985.png,ONS76,CK-666,10.0,ONS76_CK-666_10uM,False,True,train
ONS76_CK-666_10uM/A01_T000_Z000_Cell0996.png,A01_T000_Z000_Cell0996.png,ONS76,CK-666,10.0,ONS76_CK-666_10uM,False,True,train
ONS76_CK-666_10uM/A02_T000_Z000_Cell0136.png,A02_T000_Z000_Cell0136.png,ONS76,CK-666,10.0,ONS76_CK-666_10uM,False,True,val
ONS76_CK-666_10uM/A02_T000_Z000_Cell0185.png,A02_T000_Z000_Cell0185.png,ONS76,CK-666,10.0,ONS76_CK-666_10uM,False,True,train
ONS76_CK-666_10uM/A02_T000_Z000_Cell0187.png,A02_T000_Z000_Cell0187.png,ONS76,CK-666,10.0,ONS76_CK-666_10uM,False,True,train
ONS76_CK-666_10uM/A02_T000_Z000_Cell0210.png,A02_T000_Z000_Cell0210.png,ONS76,CK-666,10.0,ONS76_CK-666_10uM,False,True,test
ONS76_CK-666_10uM/A02_T000_Z000_Cell0234.png,A02_T000_Z000_Cell0234.png,ONS76,CK-666,10.0,ONS76_CK-666_10uM,False,True,train
ONS76_CK-666_10uM/A02_T000_Z000_Cell0237.png,A02_T000_Z000_Cell0237.png,ONS76,CK-666,10.0,ONS76_CK-666_10uM,False,True,train
ONS76_CK-666_10uM/A02_T000_Z000_Cell0266.png,A02_T000_Z000_Cell0266.png,ONS76,CK-666,10.0,ONS76_CK-666_10uM,False,True,train
ONS76_CK-666_10uM/A02_T000_Z000_Cell0351.png,A02_T000_Z000_Cell0351.png,ONS76,CK-666,10.0,ONS76_CK-666_10uM,False,True,train
ONS76_CK-666_10uM/A02_T000_Z000_Cell0441.png,A02_T000_Z000_Cell0441.png,ONS76,CK-666,10.0,ONS76_CK-666_10uM,False,True,train
ONS76_CK-666_10uM/A02_T000_Z000_Cell0757.png,A02_T000_Z000_Cell0757.png,ONS76,CK-666,10.0,ONS76_CK-666_10uM,False,True,train
ONS76_CK-666_10uM/A02_T000_Z000_Cell0982.png,A02_T000_Z000_Cell0982.png,ONS76,CK-666,10.0,ONS76_CK-666_10uM,False,True,test
ONS76_CK-666_10uM/A02_T000_Z000_Cell0993.png,A02_T000_Z000_Cell0993.png,ONS76,CK-666,10.0,ONS76_CK-666_10uM,False,True,train
ONS76_CK-666_2.5uM/C01_T000_Z000_Cell0185.png,C01_T000_Z000_Cell0185.png,ONS76,CK-666,2.5,ONS76_CK-666_2.5uM,False,True,test
ONS76_CK-666_2.5uM/C01_T000_Z000_Cell0195.png,C01_T000_Z000_Cell0195.png,ONS76,CK-666,2.5,ONS76_CK-666_2.5uM,False,True,test
ONS76_CK-666_2.5uM/C01_T000_Z000_Cell0340.png,C01_T000_Z000_Cell0340.png,ONS76,CK-666,2.5,ONS76_CK-666_2.5uM,False,True,train
ONS76_CK-666_2.5uM/C01_T000_Z000_Cell0378.png,C01_T000_Z000_Cell0378.png,ONS76,CK-666,2.5,ONS76_CK-666_2.5uM,False,True,train
ONS76_CK-666_2.5uM/C01_T000_Z000_Cell0554.png,C01_T000_Z000_Cell0554.png,ONS76,CK-666,2.5,ONS76_CK-666_2.5uM,False,True,val
ONS76_CK-666_2.5uM/C01_T000_Z000_Cell0749.png,C01_T000_Z000_Cell0749.png,ONS76,CK-666,2.5,ONS76_CK-666_2.5uM,False,True,train
ONS76_CK-666_2.5uM/C01_T000_Z000_Cell0843.png,C01_T000_Z000_Cell0843.png,ONS76,CK-666,2.5,ONS76_CK-666_2.5uM,False,True,train
ONS76_CK-666_2.5uM/C01_T000_Z000_Cell0995.png,C01_T000_Z000_Cell0995.png,ONS76,CK-666,2.5,ONS76_CK-666_2.5uM,False,True,train
ONS76_CK-666_2.5uM/C01_T000_Z000_Cell1002.png,C01_T000_Z000_Cell1002.png,ONS76,CK-666,2.5,ONS76_CK-666_2.5uM,False,True,train
ONS76_CK-666_2.5uM/C02_T000_Z000_Cell0280.png,C02_T000_Z000_Cell0280.png,ONS76,CK-666,2.5,ONS76_CK-666_2.5uM,False,True,train
ONS76_CK-666_2.5uM/C02_T000_Z000_Cell0326.png,C02_T000_Z000_Cell0326.png,ONS76,CK-666,2.5,ONS76_CK-666_2.5uM,False,True,train
ONS76_CK-666_2.5uM/C02_T000_Z000_Cell0465.png,C02_T000_Z000_Cell0465.png,ONS76,CK-666,2.5,ONS76_CK-666_2.5uM,False,True,train
ONS76_CK-666_2.5uM/C02_T000_Z000_Cell0511.png,C02_T000_Z000_Cell0511.png,ONS76,CK-666,2.5,ONS76_CK-666_2.5uM,False,True,train
ONS76_CK-666_2.5uM/C02_T000_Z000_Cell0548.png,C02_T000_Z000_Cell0548.png,ONS76,CK-666,2.5,ONS76_CK-666_2.5uM,False,True,train
ONS76_CK-666_2.5uM/C02_T000_Z000_Cell0646.png,C02_T000_Z000_Cell0646.png,ONS76,CK-666,2.5,ONS76_CK-666_2.5uM,False,True,train
ONS76_CK-666_2.5uM/C02_T000_Z000_Cell0662.png,C02_T000_Z000_Cell0662.png,ONS76,CK-666,2.5,ONS76_CK-666_2.5uM,False,True,train
ONS76_CK-666_2.5uM/C02_T000_Z000_Cell0675.png,C02_T000_Z000_Cell0675.png,ONS76,CK-666,2.5,ONS76_CK-666_2.5uM,False,True,val
ONS76_CK-666_2.5uM/C02_T000_Z000_Cell0710.png,C02_T000_Z000_Cell0710.png,ONS76,CK-666,2.5,ONS76_CK-666_2.5uM,False,True,train
ONS76_CK-666_2.5uM/C02_T000_Z000_Cell0744.png,C02_T000_Z000_Cell0744.png,ONS76,CK-666,2.5,ONS76_CK-666_2.5uM,False,True,train
ONS76_CK-666_2.5uM/C02_T000_Z000_Cell0774.png,C02_T000_Z000_Cell0774.png,ONS76,CK-666,2.5,ONS76_CK-666_2.5uM,False,True,train
ONS76_CK-666_2.5uM/C02_T000_Z000_Cell0800.png,C02_T000_Z000_Cell0800.png,ONS76,CK-666,2.5,ONS76_CK-666_2.5uM,False,True,val
ONS76_CK-666_2.5uM/C02_T000_Z000_Cell0802.png,C02_T000_Z000_Cell0802.png,ONS76,CK-666,2.5,ONS76_CK-666_2.5uM,False,True,test
ONS76_CK-666_2.5uM/C02_T000_Z000_Cell0858.png,C02_T000_Z000_Cell0858.png,ONS76,CK-666,2.5,ONS76_CK-666_2.5uM,False,True,test
ONS76_CK-666_2.5uM/C02_T000_Z000_Cell0889.png,C02_T000_Z000_Cell0889.png,ONS76,CK-666,2.5,ONS76_CK-666_2.5uM,False,True,val
ONS76_CK-666_2.5uM/C02_T000_Z000_Cell0965.png,C02_T000_Z000_Cell0965.png,ONS76,CK-666,2.5,ONS76_CK-666_2.5uM,False,True,train
ONS76_CK-666_5uM/B01_T000_Z000_Cell0084.png,B01_T000_Z000_Cell0084.png,ONS76,CK-666,5.0,ONS76_CK-666_5uM,False,True,test
ONS76_CK-666_5uM/B01_T000_Z000_Cell0150.png,B01_T000_Z000_Cell0150.png,ONS76,CK-666,5.0,ONS76_CK-666_5uM,False,True,train
ONS76_CK-666_5uM/B01_T000_Z000_Cell0184.png,B01_T000_Z000_Cell0184.png,ONS76,CK-666,5.0,ONS76_CK-666_5uM,False,True,train
ONS76_CK-666_5uM/B01_T000_Z000_Cell0187.png,B01_T000_Z000_Cell0187.png,ONS76,CK-666,5.0,ONS76_CK-666_5uM,False,True,train
ONS76_CK-666_5uM/B01_T000_Z000_Cell0344.png,B01_T000_Z000_Cell0344.png,ONS76,CK-666,5.0,ONS76_CK-666_5uM,False,True,val
ONS76_CK-666_5uM/B01_T000_Z000_Cell0360.png,B01_T000_Z000_Cell0360.png,ONS76,CK-666,5.0,ONS76_CK-666_5uM,False,True,test
ONS76_CK-666_5uM/B01_T000_Z000_Cell0370.png,B01_T000_Z000_Cell0370.png,ONS76,CK-666,5.0,ONS76_CK-666_5uM,False,True,train
ONS76_CK-666_5uM/B01_T000_Z000_Cell0396.png,B01_T000_Z000_Cell0396.png,ONS76,CK-666,5.0,ONS76_CK-666_5uM,False,True,val
ONS76_CK-666_5uM/B01_T000_Z000_Cell0605.png,B01_T000_Z000_Cell0605.png,ONS76,CK-666,5.0,ONS76_CK-666_5uM,False,True,train
ONS76_CK-666_5uM/B01_T000_Z000_Cell0671.png,B01_T000_Z000_Cell0671.png,ONS76,CK-666,5.0,ONS76_CK-666_5uM,False,True,train
ONS76_CK-666_5uM/B01_T000_Z000_Cell0753.png,B01_T000_Z000_Cell0753.png,ONS76,CK-666,5.0,ONS76_CK-666_5uM,False,True,train
ONS76_CK-666_5uM/B01_T000_Z000_Cell0768.png,B01_T000_Z000_Cell0768.png,ONS76,CK-666,5.0,ONS76_CK-666_5uM,False,True,val
ONS76_CK-666_5uM/B01_T000_Z000_Cell0901.png,B01_T000_Z000_Cell0901.png,ONS76,CK-666,5.0,ONS76_CK-666_5uM,False,True,test
ONS76_CK-666_5uM/B01_T000_Z000_Cell1130.png,B01_T000_Z000_Cell1130.png,ONS76,CK-666,5.0,ONS76_CK-666_5uM,False,True,train
ONS76_CK-666_5uM/B02_T000_Z000_Cell0086.png,B02_T000_Z000_Cell0086.png,ONS76,CK-666,5.0,ONS76_CK-666_5uM,False,True,train
ONS76_CK-666_5uM/B02_T000_Z000_Cell0287.png,B02_T000_Z000_Cell0287.png,ONS76,CK-666,5.0,ONS76_CK-666_5uM,False,True,val
ONS76_CK-666_5uM/B02_T000_Z000_Cell0319.png,B02_T000_Z000_Cell0319.png,ONS76,CK-666,5.0,ONS76_CK-666_5uM,False,True,train
ONS76_CK-666_5uM/B02_T000_Z000_Cell0383.png,B02_T000_Z000_Cell0383.png,ONS76,CK-666,5.0,ONS76_CK-666_5uM,False,True,test
ONS76_CK-666_5uM/B02_T000_Z000_Cell0444.png,B02_T000_Z000_Cell0444.png,ONS76,CK-666,5.0,ONS76_CK-666_5uM,False,True,train
ONS76_CK-666_5uM/B02_T000_Z000_Cell0585.png,B02_T000_Z000_Cell0585.png,ONS76,CK-666,5.0,ONS76_CK-666_5uM,False,True,train
ONS76_CK-666_5uM/B02_T000_Z000_Cell0699.png,B02_T000_Z000_Cell0699.png,ONS76,CK-666,5.0,ONS76_CK-666_5uM,False,True,train
ONS76_CK-666_5uM/B02_T000_Z000_Cell0748.png,B02_T000_Z000_Cell0748.png,ONS76,CK-666,5.0,ONS76_CK-666_5uM,False,True,train
ONS76_CK-666_5uM/B02_T000_Z000_Cell0766.png,B02_T000_Z000_Cell0766.png,ONS76,CK-666,5.0,ONS76_CK-666_5uM,False,True,train
ONS76_CK-666_5uM/B02_T000_Z000_Cell1033.png,B02_T000_Z000_Cell1033.png,ONS76,CK-666,5.0,ONS76_CK-666_5uM,False,True,train
ONS76_CK-666_5uM/B02_T000_Z000_Cell1034.png,B02_T000_Z000_Cell1034.png,ONS76,CK-666,5.0,ONS76_CK-666_5uM,False,True,train
ONS76_DMSO_0uM/F01_T000_Z000_Cell0298.png,F01_T000_Z000_Cell0298.png,ONS76,DMSO,0.0,ONS76_DMSO_0uM,True,True,train
ONS76_DMSO_0uM/F01_T000_Z000_Cell0316.png,F01_T000_Z000_Cell0316.png,ONS76,DMSO,0.0,ONS76_DMSO_0uM,True,True,val
ONS76_DMSO_0uM/F02_T000_Z000_Cell0051.png,F02_T000_Z000_Cell0051.png,ONS76,DMSO,0.0,ONS76_DMSO_0uM,True,True,train
ONS76_DMSO_0uM/F02_T000_Z000_Cell0255.png,F02_T000_Z000_Cell0255.png,ONS76,DMSO,0.0,ONS76_DMSO_0uM,True,True,train
ONS76_DMSO_0uM/F02_T000_Z000_Cell0829.png,F02_T000_Z000_Cell0829.png,ONS76,DMSO,0.0,ONS76_DMSO_0uM,True,True,train
ONS76_DMSO_0uM/F03_T000_Z000_Cell0223.png,F03_T000_Z000_Cell0223.png,ONS76,DMSO,0.0,ONS76_DMSO_0uM,True,True,train
ONS76_DMSO_0uM/F03_T000_Z000_Cell0776.png,F03_T000_Z000_Cell0776.png,ONS76,DMSO,0.0,ONS76_DMSO_0uM,True,True,train
ONS76_DMSO_0uM/F04_T000_Z000_Cell0265.png,F04_T000_Z000_Cell0265.png,ONS76,DMSO,0.0,ONS76_DMSO_0uM,True,True,val
ONS76_DMSO_0uM/F04_T000_Z000_Cell0273.png,F04_T000_Z000_Cell0273.png,ONS76,DMSO,0.0,ONS76_DMSO_0uM,True,True,train
ONS76_DMSO_0uM/F04_T000_Z000_Cell0427.png,F04_T000_Z000_Cell0427.png,ONS76,DMSO,0.0,ONS76_DMSO_0uM,True,True,train
ONS76_DMSO_0uM/F04_T000_Z000_Cell0447.png,F04_T000_Z000_Cell0447.png,ONS76,DMSO,0.0,ONS76_DMSO_0uM,True,True,test
ONS76_DMSO_0uM/F04_T000_Z000_Cell0585.png,F04_T000_Z000_Cell0585.png,ONS76,DMSO,0.0,ONS76_DMSO_0uM,True,True,train
ONS76_DMSO_0uM/F04_T000_Z000_Cell0598.png,F04_T000_Z000_Cell0598.png,ONS76,DMSO,0.0,ONS76_DMSO_0uM,True,True,test
ONS76_DMSO_0uM/F04_T000_Z000_Cell0611.png,F04_T000_Z000_Cell0611.png,ONS76,DMSO,0.0,ONS76_DMSO_0uM,True,True,train
ONS76_DMSO_0uM/F04_T000_Z000_Cell0674.png,F04_T000_Z000_Cell0674.png,ONS76,DMSO,0.0,ONS76_DMSO_0uM,True,True,train
ONS76_DMSO_0uM/F05_T000_Z000_Cell0134.png,F05_T000_Z000_Cell0134.png,ONS76,DMSO,0.0,ONS76_DMSO_0uM,True,True,val
ONS76_DMSO_0uM/F05_T000_Z000_Cell0344.png,F05_T000_Z000_Cell0344.png,ONS76,DMSO,0.0,ONS76_DMSO_0uM,True,True,train
ONS76_DMSO_0uM/F06_T000_Z000_Cell0063.png,F06_T000_Z000_Cell0063.png,ONS76,DMSO,0.0,ONS76_DMSO_0uM,True,True,val
ONS76_DMSO_0uM/F06_T000_Z000_Cell0107.png,F06_T000_Z000_Cell0107.png,ONS76,DMSO,0.0,ONS76_DMSO_0uM,True,True,test
ONS76_DMSO_0uM/F06_T000_Z000_Cell0124.png,F06_T000_Z000_Cell0124.png,ONS76,DMSO,0.0,ONS76_DMSO_0uM,True,True,test
ONS76_DMSO_0uM/F06_T000_Z000_Cell0202.png,F06_T000_Z000_Cell0202.png,ONS76,DMSO,0.0,ONS76_DMSO_0uM,True,True,train
ONS76_DMSO_0uM/F07_T000_Z000_Cell0299.png,F07_T000_Z000_Cell0299.png,ONS76,DMSO,0.0,ONS76_DMSO_0uM,True,True,train
ONS76_DMSO_0uM/F08_T000_Z000_Cell0089.png,F08_T000_Z000_Cell0089.png,ONS76,DMSO,0.0,ONS76_DMSO_0uM,True,True,train
ONS76_DMSO_0uM/F08_T000_Z000_Cell0590.png,F08_T000_Z000_Cell0590.png,ONS76,DMSO,0.0,ONS76_DMSO_0uM,True,True,train
ONS76_DMSO_0uM/F09_T000_Z000_Cell0289.png,F09_T000_Z000_Cell0289.png,ONS76,DMSO,0.0,ONS76_DMSO_0uM,True,True,train
